variant,matrix_cell,iteration,elapsed_us,cubrid_rel_sha,pass
A-slot,FL_FILTER,1,33716,d7700338b-dirty,pass1-F
A-slot,FL_FILTER,2,34483,d7700338b-dirty,pass1-F
A-slot,FL_FILTER,3,33747,d7700338b-dirty,pass1-F
A-slot,FL_FILTER,4,33706,d7700338b-dirty,pass1-F
A-slot,FL_FILTER,5,33780,d7700338b-dirty,pass1-F
A-slot,FL_FILTER,6,33352,d7700338b-dirty,pass1-F
A-slot,FL_FILTER,7,34279,d7700338b-dirty,pass1-F
A-handle,FL_FILTER,1,54837,d7700338b-dirty,pass1-F
A-handle,FL_FILTER,2,54220,d7700338b-dirty,pass1-F
A-handle,FL_FILTER,3,54309,d7700338b-dirty,pass1-F
A-handle,FL_FILTER,4,55053,d7700338b-dirty,pass1-F
A-handle,FL_FILTER,5,58193,d7700338b-dirty,pass1-F
A-handle,FL_FILTER,6,55118,d7700338b-dirty,pass1-F
A-handle,FL_FILTER,7,53949,d7700338b-dirty,pass1-F
B-cmpdisk,FL_FILTER,1,25295,d7700338b-dirty,pass1-F
B-cmpdisk,FL_FILTER,2,25087,d7700338b-dirty,pass1-F
B-cmpdisk,FL_FILTER,3,25348,d7700338b-dirty,pass1-F
B-cmpdisk,FL_FILTER,4,25270,d7700338b-dirty,pass1-F
B-cmpdisk,FL_FILTER,5,25267,d7700338b-dirty,pass1-F
B-cmpdisk,FL_FILTER,6,25555,d7700338b-dirty,pass1-F
B-cmpdisk,FL_FILTER,7,25594,d7700338b-dirty,pass1-F
C-flatbuffers,FL_FILTER,1,42365,d7700338b-dirty,pass1-F
C-flatbuffers,FL_FILTER,2,42052,d7700338b-dirty,pass1-F
C-flatbuffers,FL_FILTER,3,42184,d7700338b-dirty,pass1-F
C-flatbuffers,FL_FILTER,4,42147,d7700338b-dirty,pass1-F
C-flatbuffers,FL_FILTER,5,42577,d7700338b-dirty,pass1-F
C-flatbuffers,FL_FILTER,6,42209,d7700338b-dirty,pass1-F
C-flatbuffers,FL_FILTER,7,42274,d7700338b-dirty,pass1-F
A-slot,FL_SORT,1,219521,d7700338b-dirty,pass1-F
A-slot,FL_SORT,2,242851,d7700338b-dirty,pass1-F
A-slot,FL_SORT,3,234174,d7700338b-dirty,pass1-F
A-slot,FL_SORT,4,228454,d7700338b-dirty,pass1-F
A-slot,FL_SORT,5,232408,d7700338b-dirty,pass1-F
A-slot,FL_SORT,6,233021,d7700338b-dirty,pass1-F
A-slot,FL_SORT,7,234117,d7700338b-dirty,pass1-F
A-handle,FL_SORT,1,248497,d7700338b-dirty,pass1-F
A-handle,FL_SORT,2,245324,d7700338b-dirty,pass1-F
A-handle,FL_SORT,3,260420,d7700338b-dirty,pass1-F
A-handle,FL_SORT,4,250628,d7700338b-dirty,pass1-F
A-handle,FL_SORT,5,247280,d7700338b-dirty,pass1-F
A-handle,FL_SORT,6,244319,d7700338b-dirty,pass1-F
A-handle,FL_SORT,7,246282,d7700338b-dirty,pass1-F
B-cmpdisk,FL_SORT,1,677100,d7700338b-dirty,pass1-F
B-cmpdisk,FL_SORT,2,690759,d7700338b-dirty,pass1-F
B-cmpdisk,FL_SORT,3,677358,d7700338b-dirty,pass1-F
B-cmpdisk,FL_SORT,4,679459,d7700338b-dirty,pass1-F
B-cmpdisk,FL_SORT,5,685128,d7700338b-dirty,pass1-F
B-cmpdisk,FL_SORT,6,698984,d7700338b-dirty,pass1-F
B-cmpdisk,FL_SORT,7,669248,d7700338b-dirty,pass1-F
C-flatbuffers,FL_SORT,1,1762777,d7700338b-dirty,pass1-F
C-flatbuffers,FL_SORT,2,1755944,d7700338b-dirty,pass1-F
C-flatbuffers,FL_SORT,3,1744130,d7700338b-dirty,pass1-F
C-flatbuffers,FL_SORT,4,1747626,d7700338b-dirty,pass1-F
C-flatbuffers,FL_SORT,5,1750536,d7700338b-dirty,pass1-F
C-flatbuffers,FL_SORT,6,1760928,d7700338b-dirty,pass1-F
C-flatbuffers,FL_SORT,7,1753949,d7700338b-dirty,pass1-F
A-slot,CV_SORT,1,410265,d7700338b-dirty,pass1-F
A-slot,CV_SORT,2,401123,d7700338b-dirty,pass1-F
A-slot,CV_SORT,3,393396,d7700338b-dirty,pass1-F
A-slot,CV_SORT,4,395371,d7700338b-dirty,pass1-F
A-slot,CV_SORT,5,403326,d7700338b-dirty,pass1-F
A-slot,CV_SORT,6,393704,d7700338b-dirty,pass1-F
A-slot,CV_SORT,7,401550,d7700338b-dirty,pass1-F
A-handle,CV_SORT,1,569462,d7700338b-dirty,pass1-F
A-handle,CV_SORT,2,560132,d7700338b-dirty,pass1-F
A-handle,CV_SORT,3,565179,d7700338b-dirty,pass1-F
A-handle,CV_SORT,4,554204,d7700338b-dirty,pass1-F
A-handle,CV_SORT,5,561688,d7700338b-dirty,pass1-F
A-handle,CV_SORT,6,589016,d7700338b-dirty,pass1-F
A-handle,CV_SORT,7,575082,d7700338b-dirty,pass1-F
B-cmpdisk,CV_SORT,1,4722145,d7700338b-dirty,pass1-F
B-cmpdisk,CV_SORT,2,4754171,d7700338b-dirty,pass1-F
B-cmpdisk,CV_SORT,3,4717681,d7700338b-dirty,pass1-F
B-cmpdisk,CV_SORT,4,4668512,d7700338b-dirty,pass1-F
B-cmpdisk,CV_SORT,5,4678926,d7700338b-dirty,pass1-F
B-cmpdisk,CV_SORT,6,4671775,d7700338b-dirty,pass1-F
B-cmpdisk,CV_SORT,7,4702352,d7700338b-dirty,pass1-F
C-flatbuffers,CV_SORT,1,974251,d7700338b-dirty,pass1-F
C-flatbuffers,CV_SORT,2,982324,d7700338b-dirty,pass1-F
C-flatbuffers,CV_SORT,3,977546,d7700338b-dirty,pass1-F
C-flatbuffers,CV_SORT,4,983846,d7700338b-dirty,pass1-F
C-flatbuffers,CV_SORT,5,977830,d7700338b-dirty,pass1-F
C-flatbuffers,CV_SORT,6,981147,d7700338b-dirty,pass1-F
C-flatbuffers,CV_SORT,7,978610,d7700338b-dirty,pass1-F
A-slot,CV_MERGE,1,427486,d7700338b-dirty,pass1-F
A-slot,CV_MERGE,2,424856,d7700338b-dirty,pass1-F
A-slot,CV_MERGE,3,424928,d7700338b-dirty,pass1-F
A-slot,CV_MERGE,4,427137,d7700338b-dirty,pass1-F
A-slot,CV_MERGE,5,427565,d7700338b-dirty,pass1-F
A-slot,CV_MERGE,6,426569,d7700338b-dirty,pass1-F
A-slot,CV_MERGE,7,435554,d7700338b-dirty,pass1-F
A-handle,CV_MERGE,1,598409,d7700338b-dirty,pass1-F
A-handle,CV_MERGE,2,589994,d7700338b-dirty,pass1-F
A-handle,CV_MERGE,3,597673,d7700338b-dirty,pass1-F
A-handle,CV_MERGE,4,594830,d7700338b-dirty,pass1-F
A-handle,CV_MERGE,5,596421,d7700338b-dirty,pass1-F
A-handle,CV_MERGE,6,609758,d7700338b-dirty,pass1-F
A-handle,CV_MERGE,7,597848,d7700338b-dirty,pass1-F
B-cmpdisk,CV_MERGE,1,5119530,d7700338b-dirty,pass1-F
B-cmpdisk,CV_MERGE,2,5103677,d7700338b-dirty,pass1-F
B-cmpdisk,CV_MERGE,3,5095727,d7700338b-dirty,pass1-F
B-cmpdisk,CV_MERGE,4,5092836,d7700338b-dirty,pass1-F
B-cmpdisk,CV_MERGE,5,5083063,d7700338b-dirty,pass1-F
B-cmpdisk,CV_MERGE,6,5158591,d7700338b-dirty,pass1-F
B-cmpdisk,CV_MERGE,7,5098015,d7700338b-dirty,pass1-F
C-flatbuffers,CV_MERGE,1,926845,d7700338b-dirty,pass1-F
C-flatbuffers,CV_MERGE,2,942059,d7700338b-dirty,pass1-F
C-flatbuffers,CV_MERGE,3,959191,d7700338b-dirty,pass1-F
C-flatbuffers,CV_MERGE,4,929292,d7700338b-dirty,pass1-F
C-flatbuffers,CV_MERGE,5,945607,d7700338b-dirty,pass1-F
C-flatbuffers,CV_MERGE,6,938488,d7700338b-dirty,pass1-F
C-flatbuffers,CV_MERGE,7,942786,d7700338b-dirty,pass1-F
A-slot,UV_PEEK,1,10747,d7700338b-dirty,pass1-F
A-slot,UV_PEEK,2,10753,d7700338b-dirty,pass1-F
A-slot,UV_PEEK,3,10635,d7700338b-dirty,pass1-F
A-slot,UV_PEEK,4,11003,d7700338b-dirty,pass1-F
A-slot,UV_PEEK,5,10969,d7700338b-dirty,pass1-F
A-slot,UV_PEEK,6,11416,d7700338b-dirty,pass1-F
A-slot,UV_PEEK,7,11299,d7700338b-dirty,pass1-F
A-handle,UV_PEEK,1,34264,d7700338b-dirty,pass1-F
A-handle,UV_PEEK,2,33780,d7700338b-dirty,pass1-F
A-handle,UV_PEEK,3,33726,d7700338b-dirty,pass1-F
A-handle,UV_PEEK,4,33245,d7700338b-dirty,pass1-F
A-handle,UV_PEEK,5,33292,d7700338b-dirty,pass1-F
A-handle,UV_PEEK,6,33027,d7700338b-dirty,pass1-F
A-handle,UV_PEEK,7,33796,d7700338b-dirty,pass1-F
B-cmpdisk,UV_PEEK,1,14027,d7700338b-dirty,pass1-F
B-cmpdisk,UV_PEEK,2,14599,d7700338b-dirty,pass1-F
B-cmpdisk,UV_PEEK,3,14707,d7700338b-dirty,pass1-F
B-cmpdisk,UV_PEEK,4,14789,d7700338b-dirty,pass1-F
B-cmpdisk,UV_PEEK,5,14760,d7700338b-dirty,pass1-F
B-cmpdisk,UV_PEEK,6,14693,d7700338b-dirty,pass1-F
B-cmpdisk,UV_PEEK,7,14567,d7700338b-dirty,pass1-F
C-flatbuffers,UV_PEEK,1,37010,d7700338b-dirty,pass1-F
C-flatbuffers,UV_PEEK,2,36520,d7700338b-dirty,pass1-F
C-flatbuffers,UV_PEEK,3,36463,d7700338b-dirty,pass1-F
C-flatbuffers,UV_PEEK,4,36405,d7700338b-dirty,pass1-F
C-flatbuffers,UV_PEEK,5,36682,d7700338b-dirty,pass1-F
C-flatbuffers,UV_PEEK,6,36223,d7700338b-dirty,pass1-F
C-flatbuffers,UV_PEEK,7,36257,d7700338b-dirty,pass1-F
A-slot,NUM_SORT,1,121100,d7700338b-dirty,pass1-F
A-slot,NUM_SORT,2,116691,d7700338b-dirty,pass1-F
A-slot,NUM_SORT,3,116469,d7700338b-dirty,pass1-F
A-slot,NUM_SORT,4,120820,d7700338b-dirty,pass1-F
A-slot,NUM_SORT,5,117484,d7700338b-dirty,pass1-F
A-slot,NUM_SORT,6,118728,d7700338b-dirty,pass1-F
A-slot,NUM_SORT,7,113399,d7700338b-dirty,pass1-F
A-handle,NUM_SORT,1,159279,d7700338b-dirty,pass1-F
A-handle,NUM_SORT,2,154499,d7700338b-dirty,pass1-F
A-handle,NUM_SORT,3,156032,d7700338b-dirty,pass1-F
A-handle,NUM_SORT,4,158225,d7700338b-dirty,pass1-F
A-handle,NUM_SORT,5,158618,d7700338b-dirty,pass1-F
A-handle,NUM_SORT,6,152705,d7700338b-dirty,pass1-F
A-handle,NUM_SORT,7,165902,d7700338b-dirty,pass1-F
B-cmpdisk,NUM_SORT,1,753419,d7700338b-dirty,pass1-F
B-cmpdisk,NUM_SORT,2,792381,d7700338b-dirty,pass1-F
B-cmpdisk,NUM_SORT,3,809972,d7700338b-dirty,pass1-F
B-cmpdisk,NUM_SORT,4,769446,d7700338b-dirty,pass1-F
B-cmpdisk,NUM_SORT,5,754404,d7700338b-dirty,pass1-F
B-cmpdisk,NUM_SORT,6,765132,d7700338b-dirty,pass1-F
B-cmpdisk,NUM_SORT,7,782677,d7700338b-dirty,pass1-F
C-flatbuffers,NUM_SORT,1,1325116,d7700338b-dirty,pass1-F
C-flatbuffers,NUM_SORT,2,1305663,d7700338b-dirty,pass1-F
C-flatbuffers,NUM_SORT,3,1328581,d7700338b-dirty,pass1-F
C-flatbuffers,NUM_SORT,4,1307562,d7700338b-dirty,pass1-F
C-flatbuffers,NUM_SORT,5,1312219,d7700338b-dirty,pass1-F
C-flatbuffers,NUM_SORT,6,1315723,d7700338b-dirty,pass1-F
C-flatbuffers,NUM_SORT,7,1301659,d7700338b-dirty,pass1-F
A-slot,NUM_AGG_INPUT,1,20933,d7700338b-dirty,pass1-F
A-slot,NUM_AGG_INPUT,2,21066,d7700338b-dirty,pass1-F
A-slot,NUM_AGG_INPUT,3,21169,d7700338b-dirty,pass1-F
A-slot,NUM_AGG_INPUT,4,21695,d7700338b-dirty,pass1-F
A-slot,NUM_AGG_INPUT,5,21549,d7700338b-dirty,pass1-F
A-slot,NUM_AGG_INPUT,6,21379,d7700338b-dirty,pass1-F
A-slot,NUM_AGG_INPUT,7,21238,d7700338b-dirty,pass1-F
A-handle,NUM_AGG_INPUT,1,28836,d7700338b-dirty,pass1-F
A-handle,NUM_AGG_INPUT,2,28753,d7700338b-dirty,pass1-F
A-handle,NUM_AGG_INPUT,3,29242,d7700338b-dirty,pass1-F
A-handle,NUM_AGG_INPUT,4,28991,d7700338b-dirty,pass1-F
A-handle,NUM_AGG_INPUT,5,28774,d7700338b-dirty,pass1-F
A-handle,NUM_AGG_INPUT,6,29090,d7700338b-dirty,pass1-F
A-handle,NUM_AGG_INPUT,7,29126,d7700338b-dirty,pass1-F
B-cmpdisk,NUM_AGG_INPUT,1,44964,d7700338b-dirty,pass1-F
B-cmpdisk,NUM_AGG_INPUT,2,44250,d7700338b-dirty,pass1-F
B-cmpdisk,NUM_AGG_INPUT,3,44144,d7700338b-dirty,pass1-F
B-cmpdisk,NUM_AGG_INPUT,4,44492,d7700338b-dirty,pass1-F
B-cmpdisk,NUM_AGG_INPUT,5,43980,d7700338b-dirty,pass1-F
B-cmpdisk,NUM_AGG_INPUT,6,43923,d7700338b-dirty,pass1-F
B-cmpdisk,NUM_AGG_INPUT,7,43683,d7700338b-dirty,pass1-F
C-flatbuffers,NUM_AGG_INPUT,1,56318,d7700338b-dirty,pass1-F
C-flatbuffers,NUM_AGG_INPUT,2,56366,d7700338b-dirty,pass1-F
C-flatbuffers,NUM_AGG_INPUT,3,56076,d7700338b-dirty,pass1-F
C-flatbuffers,NUM_AGG_INPUT,4,55933,d7700338b-dirty,pass1-F
C-flatbuffers,NUM_AGG_INPUT,5,55652,d7700338b-dirty,pass1-F
C-flatbuffers,NUM_AGG_INPUT,6,56124,d7700338b-dirty,pass1-F
C-flatbuffers,NUM_AGG_INPUT,7,55363,d7700338b-dirty,pass1-F
A-slot,PEEK_VS_COPY,1,87906,d7700338b-dirty,pass1-F
A-slot,PEEK_VS_COPY,2,88585,d7700338b-dirty,pass1-F
A-slot,PEEK_VS_COPY,3,88096,d7700338b-dirty,pass1-F
A-slot,PEEK_VS_COPY,4,86719,d7700338b-dirty,pass1-F
A-slot,PEEK_VS_COPY,5,87023,d7700338b-dirty,pass1-F
A-slot,PEEK_VS_COPY,6,88714,d7700338b-dirty,pass1-F
A-slot,PEEK_VS_COPY,7,89524,d7700338b-dirty,pass1-F
A-handle,PEEK_VS_COPY,1,189606,d7700338b-dirty,pass1-F
A-handle,PEEK_VS_COPY,2,195712,d7700338b-dirty,pass1-F
A-handle,PEEK_VS_COPY,3,191580,d7700338b-dirty,pass1-F
A-handle,PEEK_VS_COPY,4,191705,d7700338b-dirty,pass1-F
A-handle,PEEK_VS_COPY,5,192425,d7700338b-dirty,pass1-F
A-handle,PEEK_VS_COPY,6,192015,d7700338b-dirty,pass1-F
A-handle,PEEK_VS_COPY,7,192364,d7700338b-dirty,pass1-F
B-cmpdisk,PEEK_VS_COPY,1,244668,d7700338b-dirty,pass1-F
B-cmpdisk,PEEK_VS_COPY,2,253428,d7700338b-dirty,pass1-F
B-cmpdisk,PEEK_VS_COPY,3,252860,d7700338b-dirty,pass1-F
B-cmpdisk,PEEK_VS_COPY,4,247548,d7700338b-dirty,pass1-F
B-cmpdisk,PEEK_VS_COPY,5,246187,d7700338b-dirty,pass1-F
B-cmpdisk,PEEK_VS_COPY,6,247564,d7700338b-dirty,pass1-F
B-cmpdisk,PEEK_VS_COPY,7,247389,d7700338b-dirty,pass1-F
A-slot,ABBREV_SUBCELL,1,159813,d7700338b-dirty,pass1-F
A-slot,ABBREV_SUBCELL,2,162783,d7700338b-dirty,pass1-F
A-slot,ABBREV_SUBCELL,3,161884,d7700338b-dirty,pass1-F
A-slot,ABBREV_SUBCELL,4,161438,d7700338b-dirty,pass1-F
A-slot,ABBREV_SUBCELL,5,161357,d7700338b-dirty,pass1-F
A-slot,ABBREV_SUBCELL,6,160215,d7700338b-dirty,pass1-F
A-slot,ABBREV_SUBCELL,7,161991,d7700338b-dirty,pass1-F
A-handle,ABBREV_SUBCELL,1,201585,d7700338b-dirty,pass1-F
A-handle,ABBREV_SUBCELL,2,198849,d7700338b-dirty,pass1-F
A-handle,ABBREV_SUBCELL,3,198216,d7700338b-dirty,pass1-F
A-handle,ABBREV_SUBCELL,4,197976,d7700338b-dirty,pass1-F
A-handle,ABBREV_SUBCELL,5,201964,d7700338b-dirty,pass1-F
A-handle,ABBREV_SUBCELL,6,207286,d7700338b-dirty,pass1-F
A-handle,ABBREV_SUBCELL,7,200513,d7700338b-dirty,pass1-F
B-cmpdisk,ABBREV_SUBCELL,1,4718288,d7700338b-dirty,pass1-F
B-cmpdisk,ABBREV_SUBCELL,2,4722340,d7700338b-dirty,pass1-F
B-cmpdisk,ABBREV_SUBCELL,3,4703350,d7700338b-dirty,pass1-F
B-cmpdisk,ABBREV_SUBCELL,4,4695075,d7700338b-dirty,pass1-F
B-cmpdisk,ABBREV_SUBCELL,5,4722167,d7700338b-dirty,pass1-F
B-cmpdisk,ABBREV_SUBCELL,6,4720073,d7700338b-dirty,pass1-F
B-cmpdisk,ABBREV_SUBCELL,7,4716483,d7700338b-dirty,pass1-F
C-flatbuffers,FL_FILTER,8,41807,d7700338b-dirty,pass2-R
C-flatbuffers,FL_FILTER,9,41649,d7700338b-dirty,pass2-R
C-flatbuffers,FL_FILTER,10,41433,d7700338b-dirty,pass2-R
C-flatbuffers,FL_FILTER,11,41283,d7700338b-dirty,pass2-R
C-flatbuffers,FL_FILTER,12,41475,d7700338b-dirty,pass2-R
C-flatbuffers,FL_FILTER,13,41263,d7700338b-dirty,pass2-R
C-flatbuffers,FL_FILTER,14,41664,d7700338b-dirty,pass2-R
B-cmpdisk,FL_FILTER,8,26273,d7700338b-dirty,pass2-R
B-cmpdisk,FL_FILTER,9,26064,d7700338b-dirty,pass2-R
B-cmpdisk,FL_FILTER,10,26642,d7700338b-dirty,pass2-R
B-cmpdisk,FL_FILTER,11,26675,d7700338b-dirty,pass2-R
B-cmpdisk,FL_FILTER,12,27025,d7700338b-dirty,pass2-R
B-cmpdisk,FL_FILTER,13,26813,d7700338b-dirty,pass2-R
B-cmpdisk,FL_FILTER,14,26714,d7700338b-dirty,pass2-R
A-handle,FL_FILTER,8,54881,d7700338b-dirty,pass2-R
A-handle,FL_FILTER,9,55352,d7700338b-dirty,pass2-R
A-handle,FL_FILTER,10,54641,d7700338b-dirty,pass2-R
A-handle,FL_FILTER,11,55045,d7700338b-dirty,pass2-R
A-handle,FL_FILTER,12,55212,d7700338b-dirty,pass2-R
A-handle,FL_FILTER,13,55006,d7700338b-dirty,pass2-R
A-handle,FL_FILTER,14,61320,d7700338b-dirty,pass2-R
A-slot,FL_FILTER,8,35491,d7700338b-dirty,pass2-R
A-slot,FL_FILTER,9,35550,d7700338b-dirty,pass2-R
A-slot,FL_FILTER,10,35090,d7700338b-dirty,pass2-R
A-slot,FL_FILTER,11,35211,d7700338b-dirty,pass2-R
A-slot,FL_FILTER,12,35027,d7700338b-dirty,pass2-R
A-slot,FL_FILTER,13,35242,d7700338b-dirty,pass2-R
A-slot,FL_FILTER,14,35123,d7700338b-dirty,pass2-R
C-flatbuffers,FL_SORT,8,1750649,d7700338b-dirty,pass2-R
C-flatbuffers,FL_SORT,9,1739857,d7700338b-dirty,pass2-R
C-flatbuffers,FL_SORT,10,1726776,d7700338b-dirty,pass2-R
C-flatbuffers,FL_SORT,11,1738370,d7700338b-dirty,pass2-R
C-flatbuffers,FL_SORT,12,1727507,d7700338b-dirty,pass2-R
C-flatbuffers,FL_SORT,13,1727430,d7700338b-dirty,pass2-R
C-flatbuffers,FL_SORT,14,1726295,d7700338b-dirty,pass2-R
B-cmpdisk,FL_SORT,8,672140,d7700338b-dirty,pass2-R
B-cmpdisk,FL_SORT,9,656454,d7700338b-dirty,pass2-R
B-cmpdisk,FL_SORT,10,654220,d7700338b-dirty,pass2-R
B-cmpdisk,FL_SORT,11,683022,d7700338b-dirty,pass2-R
B-cmpdisk,FL_SORT,12,682315,d7700338b-dirty,pass2-R
B-cmpdisk,FL_SORT,13,682503,d7700338b-dirty,pass2-R
B-cmpdisk,FL_SORT,14,687695,d7700338b-dirty,pass2-R
A-handle,FL_SORT,8,241643,d7700338b-dirty,pass2-R
A-handle,FL_SORT,9,246410,d7700338b-dirty,pass2-R
A-handle,FL_SORT,10,246692,d7700338b-dirty,pass2-R
A-handle,FL_SORT,11,244548,d7700338b-dirty,pass2-R
A-handle,FL_SORT,12,243301,d7700338b-dirty,pass2-R
A-handle,FL_SORT,13,244285,d7700338b-dirty,pass2-R
A-handle,FL_SORT,14,244690,d7700338b-dirty,pass2-R
A-slot,FL_SORT,8,225971,d7700338b-dirty,pass2-R
A-slot,FL_SORT,9,227774,d7700338b-dirty,pass2-R
A-slot,FL_SORT,10,223906,d7700338b-dirty,pass2-R
A-slot,FL_SORT,11,225458,d7700338b-dirty,pass2-R
A-slot,FL_SORT,12,228779,d7700338b-dirty,pass2-R
A-slot,FL_SORT,13,229065,d7700338b-dirty,pass2-R
A-slot,FL_SORT,14,220349,d7700338b-dirty,pass2-R
C-flatbuffers,CV_SORT,8,971878,d7700338b-dirty,pass2-R
C-flatbuffers,CV_SORT,9,968585,d7700338b-dirty,pass2-R
C-flatbuffers,CV_SORT,10,973746,d7700338b-dirty,pass2-R
C-flatbuffers,CV_SORT,11,967145,d7700338b-dirty,pass2-R
C-flatbuffers,CV_SORT,12,959622,d7700338b-dirty,pass2-R
C-flatbuffers,CV_SORT,13,967383,d7700338b-dirty,pass2-R
C-flatbuffers,CV_SORT,14,975697,d7700338b-dirty,pass2-R
B-cmpdisk,CV_SORT,8,4654129,d7700338b-dirty,pass2-R
B-cmpdisk,CV_SORT,9,4678026,d7700338b-dirty,pass2-R
B-cmpdisk,CV_SORT,10,4647998,d7700338b-dirty,pass2-R
B-cmpdisk,CV_SORT,11,4647728,d7700338b-dirty,pass2-R
B-cmpdisk,CV_SORT,12,4673741,d7700338b-dirty,pass2-R
B-cmpdisk,CV_SORT,13,4682889,d7700338b-dirty,pass2-R
B-cmpdisk,CV_SORT,14,4679228,d7700338b-dirty,pass2-R
A-handle,CV_SORT,8,526563,d7700338b-dirty,pass2-R
A-handle,CV_SORT,9,532461,d7700338b-dirty,pass2-R
A-handle,CV_SORT,10,538610,d7700338b-dirty,pass2-R
A-handle,CV_SORT,11,529986,d7700338b-dirty,pass2-R
A-handle,CV_SORT,12,534167,d7700338b-dirty,pass2-R
A-handle,CV_SORT,13,536025,d7700338b-dirty,pass2-R
A-handle,CV_SORT,14,524215,d7700338b-dirty,pass2-R
A-slot,CV_SORT,8,381299,d7700338b-dirty,pass2-R
A-slot,CV_SORT,9,383266,d7700338b-dirty,pass2-R
A-slot,CV_SORT,10,381604,d7700338b-dirty,pass2-R
A-slot,CV_SORT,11,382612,d7700338b-dirty,pass2-R
A-slot,CV_SORT,12,386327,d7700338b-dirty,pass2-R
A-slot,CV_SORT,13,381549,d7700338b-dirty,pass2-R
A-slot,CV_SORT,14,383844,d7700338b-dirty,pass2-R
C-flatbuffers,CV_MERGE,8,900365,d7700338b-dirty,pass2-R
C-flatbuffers,CV_MERGE,9,899830,d7700338b-dirty,pass2-R
C-flatbuffers,CV_MERGE,10,903525,d7700338b-dirty,pass2-R
C-flatbuffers,CV_MERGE,11,898151,d7700338b-dirty,pass2-R
C-flatbuffers,CV_MERGE,12,900922,d7700338b-dirty,pass2-R
C-flatbuffers,CV_MERGE,13,910046,d7700338b-dirty,pass2-R
C-flatbuffers,CV_MERGE,14,910106,d7700338b-dirty,pass2-R
B-cmpdisk,CV_MERGE,8,4983578,d7700338b-dirty,pass2-R
B-cmpdisk,CV_MERGE,9,4998078,d7700338b-dirty,pass2-R
B-cmpdisk,CV_MERGE,10,4943729,d7700338b-dirty,pass2-R
B-cmpdisk,CV_MERGE,11,4982847,d7700338b-dirty,pass2-R
B-cmpdisk,CV_MERGE,12,5008275,d7700338b-dirty,pass2-R
B-cmpdisk,CV_MERGE,13,4987535,d7700338b-dirty,pass2-R
B-cmpdisk,CV_MERGE,14,5040438,d7700338b-dirty,pass2-R
A-handle,CV_MERGE,8,592208,d7700338b-dirty,pass2-R
A-handle,CV_MERGE,9,594362,d7700338b-dirty,pass2-R
A-handle,CV_MERGE,10,599762,d7700338b-dirty,pass2-R
A-handle,CV_MERGE,11,615351,d7700338b-dirty,pass2-R
A-handle,CV_MERGE,12,586191,d7700338b-dirty,pass2-R
A-handle,CV_MERGE,13,576989,d7700338b-dirty,pass2-R
A-handle,CV_MERGE,14,590082,d7700338b-dirty,pass2-R
A-slot,CV_MERGE,8,417068,d7700338b-dirty,pass2-R
A-slot,CV_MERGE,9,416340,d7700338b-dirty,pass2-R
A-slot,CV_MERGE,10,426995,d7700338b-dirty,pass2-R
A-slot,CV_MERGE,11,431146,d7700338b-dirty,pass2-R
A-slot,CV_MERGE,12,435642,d7700338b-dirty,pass2-R
A-slot,CV_MERGE,13,428504,d7700338b-dirty,pass2-R
A-slot,CV_MERGE,14,454476,d7700338b-dirty,pass2-R
C-flatbuffers,UV_PEEK,8,35930,d7700338b-dirty,pass2-R
C-flatbuffers,UV_PEEK,9,35119,d7700338b-dirty,pass2-R
C-flatbuffers,UV_PEEK,10,35256,d7700338b-dirty,pass2-R
C-flatbuffers,UV_PEEK,11,35495,d7700338b-dirty,pass2-R
C-flatbuffers,UV_PEEK,12,35118,d7700338b-dirty,pass2-R
C-flatbuffers,UV_PEEK,13,36348,d7700338b-dirty,pass2-R
C-flatbuffers,UV_PEEK,14,35573,d7700338b-dirty,pass2-R
B-cmpdisk,UV_PEEK,8,14909,d7700338b-dirty,pass2-R
B-cmpdisk,UV_PEEK,9,14755,d7700338b-dirty,pass2-R
B-cmpdisk,UV_PEEK,10,14842,d7700338b-dirty,pass2-R
B-cmpdisk,UV_PEEK,11,14597,d7700338b-dirty,pass2-R
B-cmpdisk,UV_PEEK,12,14742,d7700338b-dirty,pass2-R
B-cmpdisk,UV_PEEK,13,14893,d7700338b-dirty,pass2-R
B-cmpdisk,UV_PEEK,14,15303,d7700338b-dirty,pass2-R
A-handle,UV_PEEK,8,33944,d7700338b-dirty,pass2-R
A-handle,UV_PEEK,9,33138,d7700338b-dirty,pass2-R
A-handle,UV_PEEK,10,33858,d7700338b-dirty,pass2-R
A-handle,UV_PEEK,11,33978,d7700338b-dirty,pass2-R
A-handle,UV_PEEK,12,33542,d7700338b-dirty,pass2-R
A-handle,UV_PEEK,13,34224,d7700338b-dirty,pass2-R
A-handle,UV_PEEK,14,34000,d7700338b-dirty,pass2-R
A-slot,UV_PEEK,8,10749,d7700338b-dirty,pass2-R
A-slot,UV_PEEK,9,11055,d7700338b-dirty,pass2-R
A-slot,UV_PEEK,10,11278,d7700338b-dirty,pass2-R
A-slot,UV_PEEK,11,11280,d7700338b-dirty,pass2-R
A-slot,UV_PEEK,12,10991,d7700338b-dirty,pass2-R
A-slot,UV_PEEK,13,10793,d7700338b-dirty,pass2-R
A-slot,UV_PEEK,14,10524,d7700338b-dirty,pass2-R
C-flatbuffers,NUM_SORT,8,1273213,d7700338b-dirty,pass2-R
C-flatbuffers,NUM_SORT,9,1295300,d7700338b-dirty,pass2-R
C-flatbuffers,NUM_SORT,10,1290564,d7700338b-dirty,pass2-R
C-flatbuffers,NUM_SORT,11,1265275,d7700338b-dirty,pass2-R
C-flatbuffers,NUM_SORT,12,1282962,d7700338b-dirty,pass2-R
C-flatbuffers,NUM_SORT,13,1171842,d7700338b-dirty,pass2-R
C-flatbuffers,NUM_SORT,14,1263828,d7700338b-dirty,pass2-R
B-cmpdisk,NUM_SORT,8,668051,d7700338b-dirty,pass2-R
B-cmpdisk,NUM_SORT,9,715386,d7700338b-dirty,pass2-R
B-cmpdisk,NUM_SORT,10,695544,d7700338b-dirty,pass2-R
B-cmpdisk,NUM_SORT,11,693171,d7700338b-dirty,pass2-R
B-cmpdisk,NUM_SORT,12,709324,d7700338b-dirty,pass2-R
B-cmpdisk,NUM_SORT,13,706194,d7700338b-dirty,pass2-R
B-cmpdisk,NUM_SORT,14,714880,d7700338b-dirty,pass2-R
A-handle,NUM_SORT,8,152945,d7700338b-dirty,pass2-R
A-handle,NUM_SORT,9,150929,d7700338b-dirty,pass2-R
A-handle,NUM_SORT,10,153999,d7700338b-dirty,pass2-R
A-handle,NUM_SORT,11,146747,d7700338b-dirty,pass2-R
A-handle,NUM_SORT,12,155503,d7700338b-dirty,pass2-R
A-handle,NUM_SORT,13,151027,d7700338b-dirty,pass2-R
A-handle,NUM_SORT,14,152118,d7700338b-dirty,pass2-R
A-slot,NUM_SORT,8,115389,d7700338b-dirty,pass2-R
A-slot,NUM_SORT,9,116806,d7700338b-dirty,pass2-R
A-slot,NUM_SORT,10,118484,d7700338b-dirty,pass2-R
A-slot,NUM_SORT,11,114223,d7700338b-dirty,pass2-R
A-slot,NUM_SORT,12,113794,d7700338b-dirty,pass2-R
A-slot,NUM_SORT,13,115224,d7700338b-dirty,pass2-R
A-slot,NUM_SORT,14,114267,d7700338b-dirty,pass2-R
C-flatbuffers,NUM_AGG_INPUT,8,55177,d7700338b-dirty,pass2-R
C-flatbuffers,NUM_AGG_INPUT,9,56834,d7700338b-dirty,pass2-R
C-flatbuffers,NUM_AGG_INPUT,10,54667,d7700338b-dirty,pass2-R
C-flatbuffers,NUM_AGG_INPUT,11,55488,d7700338b-dirty,pass2-R
C-flatbuffers,NUM_AGG_INPUT,12,54526,d7700338b-dirty,pass2-R
C-flatbuffers,NUM_AGG_INPUT,13,54713,d7700338b-dirty,pass2-R
C-flatbuffers,NUM_AGG_INPUT,14,54819,d7700338b-dirty,pass2-R
B-cmpdisk,NUM_AGG_INPUT,8,43346,d7700338b-dirty,pass2-R
B-cmpdisk,NUM_AGG_INPUT,9,43117,d7700338b-dirty,pass2-R
B-cmpdisk,NUM_AGG_INPUT,10,43176,d7700338b-dirty,pass2-R
B-cmpdisk,NUM_AGG_INPUT,11,43281,d7700338b-dirty,pass2-R
B-cmpdisk,NUM_AGG_INPUT,12,43509,d7700338b-dirty,pass2-R
B-cmpdisk,NUM_AGG_INPUT,13,43921,d7700338b-dirty,pass2-R
B-cmpdisk,NUM_AGG_INPUT,14,43353,d7700338b-dirty,pass2-R
A-handle,NUM_AGG_INPUT,8,28591,d7700338b-dirty,pass2-R
A-handle,NUM_AGG_INPUT,9,28336,d7700338b-dirty,pass2-R
A-handle,NUM_AGG_INPUT,10,28590,d7700338b-dirty,pass2-R
A-handle,NUM_AGG_INPUT,11,28613,d7700338b-dirty,pass2-R
A-handle,NUM_AGG_INPUT,12,29133,d7700338b-dirty,pass2-R
A-handle,NUM_AGG_INPUT,13,28644,d7700338b-dirty,pass2-R
A-handle,NUM_AGG_INPUT,14,28470,d7700338b-dirty,pass2-R
A-slot,NUM_AGG_INPUT,8,20862,d7700338b-dirty,pass2-R
A-slot,NUM_AGG_INPUT,9,20714,d7700338b-dirty,pass2-R
A-slot,NUM_AGG_INPUT,10,20850,d7700338b-dirty,pass2-R
A-slot,NUM_AGG_INPUT,11,20542,d7700338b-dirty,pass2-R
A-slot,NUM_AGG_INPUT,12,20585,d7700338b-dirty,pass2-R
A-slot,NUM_AGG_INPUT,13,20901,d7700338b-dirty,pass2-R
A-slot,NUM_AGG_INPUT,14,21176,d7700338b-dirty,pass2-R
B-cmpdisk,PEEK_VS_COPY,8,245182,d7700338b-dirty,pass2-R
B-cmpdisk,PEEK_VS_COPY,9,246117,d7700338b-dirty,pass2-R
B-cmpdisk,PEEK_VS_COPY,10,248305,d7700338b-dirty,pass2-R
B-cmpdisk,PEEK_VS_COPY,11,247860,d7700338b-dirty,pass2-R
B-cmpdisk,PEEK_VS_COPY,12,244674,d7700338b-dirty,pass2-R
B-cmpdisk,PEEK_VS_COPY,13,245183,d7700338b-dirty,pass2-R
B-cmpdisk,PEEK_VS_COPY,14,250429,d7700338b-dirty,pass2-R
A-handle,PEEK_VS_COPY,8,190195,d7700338b-dirty,pass2-R
A-handle,PEEK_VS_COPY,9,191768,d7700338b-dirty,pass2-R
A-handle,PEEK_VS_COPY,10,192375,d7700338b-dirty,pass2-R
A-handle,PEEK_VS_COPY,11,191517,d7700338b-dirty,pass2-R
A-handle,PEEK_VS_COPY,12,189508,d7700338b-dirty,pass2-R
A-handle,PEEK_VS_COPY,13,192175,d7700338b-dirty,pass2-R
A-handle,PEEK_VS_COPY,14,191651,d7700338b-dirty,pass2-R
A-slot,PEEK_VS_COPY,8,88109,d7700338b-dirty,pass2-R
A-slot,PEEK_VS_COPY,9,86646,d7700338b-dirty,pass2-R
A-slot,PEEK_VS_COPY,10,87329,d7700338b-dirty,pass2-R
A-slot,PEEK_VS_COPY,11,88439,d7700338b-dirty,pass2-R
A-slot,PEEK_VS_COPY,12,88122,d7700338b-dirty,pass2-R
A-slot,PEEK_VS_COPY,13,87929,d7700338b-dirty,pass2-R
A-slot,PEEK_VS_COPY,14,87999,d7700338b-dirty,pass2-R
B-cmpdisk,ABBREV_SUBCELL,8,4684636,d7700338b-dirty,pass2-R
B-cmpdisk,ABBREV_SUBCELL,9,4697040,d7700338b-dirty,pass2-R
B-cmpdisk,ABBREV_SUBCELL,10,4696906,d7700338b-dirty,pass2-R
B-cmpdisk,ABBREV_SUBCELL,11,4677489,d7700338b-dirty,pass2-R
B-cmpdisk,ABBREV_SUBCELL,12,4683201,d7700338b-dirty,pass2-R
B-cmpdisk,ABBREV_SUBCELL,13,4710338,d7700338b-dirty,pass2-R
B-cmpdisk,ABBREV_SUBCELL,14,4680686,d7700338b-dirty,pass2-R
A-handle,ABBREV_SUBCELL,8,198684,d7700338b-dirty,pass2-R
A-handle,ABBREV_SUBCELL,9,199583,d7700338b-dirty,pass2-R
A-handle,ABBREV_SUBCELL,10,203930,d7700338b-dirty,pass2-R
A-handle,ABBREV_SUBCELL,11,197961,d7700338b-dirty,pass2-R
A-handle,ABBREV_SUBCELL,12,204650,d7700338b-dirty,pass2-R
A-handle,ABBREV_SUBCELL,13,202034,d7700338b-dirty,pass2-R
A-handle,ABBREV_SUBCELL,14,202326,d7700338b-dirty,pass2-R
A-slot,ABBREV_SUBCELL,8,165572,d7700338b-dirty,pass2-R
A-slot,ABBREV_SUBCELL,9,164482,d7700338b-dirty,pass2-R
A-slot,ABBREV_SUBCELL,10,162602,d7700338b-dirty,pass2-R
A-slot,ABBREV_SUBCELL,11,162331,d7700338b-dirty,pass2-R
A-slot,ABBREV_SUBCELL,12,160444,d7700338b-dirty,pass2-R
A-slot,ABBREV_SUBCELL,13,165922,d7700338b-dirty,pass2-R
A-slot,ABBREV_SUBCELL,14,169116,d7700338b-dirty,pass2-R
C-flatbuffers,FL_FILTER,15,41561,d7700338b-dirty,pass3-R
C-flatbuffers,FL_FILTER,16,41632,d7700338b-dirty,pass3-R
C-flatbuffers,FL_FILTER,17,41399,d7700338b-dirty,pass3-R
C-flatbuffers,FL_FILTER,18,41609,d7700338b-dirty,pass3-R
C-flatbuffers,FL_FILTER,19,41043,d7700338b-dirty,pass3-R
C-flatbuffers,FL_FILTER,20,41141,d7700338b-dirty,pass3-R
C-flatbuffers,FL_FILTER,21,41164,d7700338b-dirty,pass3-R
B-cmpdisk,FL_FILTER,15,26852,d7700338b-dirty,pass3-R
B-cmpdisk,FL_FILTER,16,32530,d7700338b-dirty,pass3-R
B-cmpdisk,FL_FILTER,17,36243,d7700338b-dirty,pass3-R
B-cmpdisk,FL_FILTER,18,35990,d7700338b-dirty,pass3-R
B-cmpdisk,FL_FILTER,19,36118,d7700338b-dirty,pass3-R
B-cmpdisk,FL_FILTER,20,35968,d7700338b-dirty,pass3-R
B-cmpdisk,FL_FILTER,21,38831,d7700338b-dirty,pass3-R
A-handle,FL_FILTER,15,54450,d7700338b-dirty,pass3-R
A-handle,FL_FILTER,16,54820,d7700338b-dirty,pass3-R
A-handle,FL_FILTER,17,53887,d7700338b-dirty,pass3-R
A-handle,FL_FILTER,18,53821,d7700338b-dirty,pass3-R
A-handle,FL_FILTER,19,54175,d7700338b-dirty,pass3-R
A-handle,FL_FILTER,20,61016,d7700338b-dirty,pass3-R
A-handle,FL_FILTER,21,54481,d7700338b-dirty,pass3-R
A-slot,FL_FILTER,15,34622,d7700338b-dirty,pass3-R
A-slot,FL_FILTER,16,34839,d7700338b-dirty,pass3-R
A-slot,FL_FILTER,17,35008,d7700338b-dirty,pass3-R
A-slot,FL_FILTER,18,34874,d7700338b-dirty,pass3-R
A-slot,FL_FILTER,19,34740,d7700338b-dirty,pass3-R
A-slot,FL_FILTER,20,34701,d7700338b-dirty,pass3-R
A-slot,FL_FILTER,21,35152,d7700338b-dirty,pass3-R
C-flatbuffers,FL_SORT,15,1697094,d7700338b-dirty,pass3-R
C-flatbuffers,FL_SORT,16,1710152,d7700338b-dirty,pass3-R
C-flatbuffers,FL_SORT,17,1714872,d7700338b-dirty,pass3-R
C-flatbuffers,FL_SORT,18,1735512,d7700338b-dirty,pass3-R
C-flatbuffers,FL_SORT,19,1719842,d7700338b-dirty,pass3-R
C-flatbuffers,FL_SORT,20,1717400,d7700338b-dirty,pass3-R
C-flatbuffers,FL_SORT,21,1715302,d7700338b-dirty,pass3-R
B-cmpdisk,FL_SORT,15,694324,d7700338b-dirty,pass3-R
B-cmpdisk,FL_SORT,16,699858,d7700338b-dirty,pass3-R
B-cmpdisk,FL_SORT,17,708232,d7700338b-dirty,pass3-R
B-cmpdisk,FL_SORT,18,704853,d7700338b-dirty,pass3-R
B-cmpdisk,FL_SORT,19,674179,d7700338b-dirty,pass3-R
B-cmpdisk,FL_SORT,20,679312,d7700338b-dirty,pass3-R
B-cmpdisk,FL_SORT,21,698425,d7700338b-dirty,pass3-R
A-handle,FL_SORT,15,244793,d7700338b-dirty,pass3-R
A-handle,FL_SORT,16,241528,d7700338b-dirty,pass3-R
A-handle,FL_SORT,17,245176,d7700338b-dirty,pass3-R
A-handle,FL_SORT,18,244112,d7700338b-dirty,pass3-R
A-handle,FL_SORT,19,249838,d7700338b-dirty,pass3-R
A-handle,FL_SORT,20,248330,d7700338b-dirty,pass3-R
A-handle,FL_SORT,21,244914,d7700338b-dirty,pass3-R
A-slot,FL_SORT,15,223175,d7700338b-dirty,pass3-R
A-slot,FL_SORT,16,223682,d7700338b-dirty,pass3-R
A-slot,FL_SORT,17,223736,d7700338b-dirty,pass3-R
A-slot,FL_SORT,18,221394,d7700338b-dirty,pass3-R
A-slot,FL_SORT,19,224328,d7700338b-dirty,pass3-R
A-slot,FL_SORT,20,224163,d7700338b-dirty,pass3-R
A-slot,FL_SORT,21,225537,d7700338b-dirty,pass3-R
C-flatbuffers,CV_SORT,15,968587,d7700338b-dirty,pass3-R
C-flatbuffers,CV_SORT,16,988473,d7700338b-dirty,pass3-R
C-flatbuffers,CV_SORT,17,981674,d7700338b-dirty,pass3-R
C-flatbuffers,CV_SORT,18,963580,d7700338b-dirty,pass3-R
C-flatbuffers,CV_SORT,19,961209,d7700338b-dirty,pass3-R
C-flatbuffers,CV_SORT,20,972160,d7700338b-dirty,pass3-R
C-flatbuffers,CV_SORT,21,966862,d7700338b-dirty,pass3-R
B-cmpdisk,CV_SORT,15,4718184,d7700338b-dirty,pass3-R
B-cmpdisk,CV_SORT,16,4703942,d7700338b-dirty,pass3-R
B-cmpdisk,CV_SORT,17,4685449,d7700338b-dirty,pass3-R
B-cmpdisk,CV_SORT,18,4701019,d7700338b-dirty,pass3-R
B-cmpdisk,CV_SORT,19,4717815,d7700338b-dirty,pass3-R
B-cmpdisk,CV_SORT,20,4684966,d7700338b-dirty,pass3-R
B-cmpdisk,CV_SORT,21,4689300,d7700338b-dirty,pass3-R
A-handle,CV_SORT,15,523254,d7700338b-dirty,pass3-R
A-handle,CV_SORT,16,531886,d7700338b-dirty,pass3-R
A-handle,CV_SORT,17,535008,d7700338b-dirty,pass3-R
A-handle,CV_SORT,18,536691,d7700338b-dirty,pass3-R
A-handle,CV_SORT,19,532299,d7700338b-dirty,pass3-R
A-handle,CV_SORT,20,537632,d7700338b-dirty,pass3-R
A-handle,CV_SORT,21,526558,d7700338b-dirty,pass3-R
A-slot,CV_SORT,15,395189,d7700338b-dirty,pass3-R
A-slot,CV_SORT,16,389278,d7700338b-dirty,pass3-R
A-slot,CV_SORT,17,399014,d7700338b-dirty,pass3-R
A-slot,CV_SORT,18,398357,d7700338b-dirty,pass3-R
A-slot,CV_SORT,19,396840,d7700338b-dirty,pass3-R
A-slot,CV_SORT,20,395976,d7700338b-dirty,pass3-R
A-slot,CV_SORT,21,393537,d7700338b-dirty,pass3-R
C-flatbuffers,CV_MERGE,15,919527,d7700338b-dirty,pass3-R
C-flatbuffers,CV_MERGE,16,913119,d7700338b-dirty,pass3-R
C-flatbuffers,CV_MERGE,17,908628,d7700338b-dirty,pass3-R
C-flatbuffers,CV_MERGE,18,918641,d7700338b-dirty,pass3-R
C-flatbuffers,CV_MERGE,19,919355,d7700338b-dirty,pass3-R
C-flatbuffers,CV_MERGE,20,926545,d7700338b-dirty,pass3-R
C-flatbuffers,CV_MERGE,21,931557,d7700338b-dirty,pass3-R
B-cmpdisk,CV_MERGE,15,5053494,d7700338b-dirty,pass3-R
B-cmpdisk,CV_MERGE,16,5113217,d7700338b-dirty,pass3-R
B-cmpdisk,CV_MERGE,17,5113615,d7700338b-dirty,pass3-R
B-cmpdisk,CV_MERGE,18,5041525,d7700338b-dirty,pass3-R
B-cmpdisk,CV_MERGE,19,5068250,d7700338b-dirty,pass3-R
B-cmpdisk,CV_MERGE,20,5072217,d7700338b-dirty,pass3-R
B-cmpdisk,CV_MERGE,21,5088248,d7700338b-dirty,pass3-R
A-handle,CV_MERGE,15,570004,d7700338b-dirty,pass3-R
A-handle,CV_MERGE,16,575585,d7700338b-dirty,pass3-R
A-handle,CV_MERGE,17,583350,d7700338b-dirty,pass3-R
A-handle,CV_MERGE,18,586924,d7700338b-dirty,pass3-R
A-handle,CV_MERGE,19,575608,d7700338b-dirty,pass3-R
A-handle,CV_MERGE,20,564423,d7700338b-dirty,pass3-R
A-handle,CV_MERGE,21,565576,d7700338b-dirty,pass3-R
A-slot,CV_MERGE,15,405612,d7700338b-dirty,pass3-R
A-slot,CV_MERGE,16,413075,d7700338b-dirty,pass3-R
A-slot,CV_MERGE,17,415090,d7700338b-dirty,pass3-R
A-slot,CV_MERGE,18,412255,d7700338b-dirty,pass3-R
A-slot,CV_MERGE,19,411678,d7700338b-dirty,pass3-R
A-slot,CV_MERGE,20,419273,d7700338b-dirty,pass3-R
A-slot,CV_MERGE,21,413448,d7700338b-dirty,pass3-R
C-flatbuffers,UV_PEEK,15,34831,d7700338b-dirty,pass3-R
C-flatbuffers,UV_PEEK,16,35061,d7700338b-dirty,pass3-R
C-flatbuffers,UV_PEEK,17,34980,d7700338b-dirty,pass3-R
C-flatbuffers,UV_PEEK,18,35319,d7700338b-dirty,pass3-R
C-flatbuffers,UV_PEEK,19,34879,d7700338b-dirty,pass3-R
C-flatbuffers,UV_PEEK,20,35194,d7700338b-dirty,pass3-R
C-flatbuffers,UV_PEEK,21,34864,d7700338b-dirty,pass3-R
B-cmpdisk,UV_PEEK,15,13777,d7700338b-dirty,pass3-R
B-cmpdisk,UV_PEEK,16,14055,d7700338b-dirty,pass3-R
B-cmpdisk,UV_PEEK,17,13568,d7700338b-dirty,pass3-R
B-cmpdisk,UV_PEEK,18,13379,d7700338b-dirty,pass3-R
B-cmpdisk,UV_PEEK,19,14250,d7700338b-dirty,pass3-R
B-cmpdisk,UV_PEEK,20,14283,d7700338b-dirty,pass3-R
B-cmpdisk,UV_PEEK,21,14070,d7700338b-dirty,pass3-R
A-handle,UV_PEEK,15,32725,d7700338b-dirty,pass3-R
A-handle,UV_PEEK,16,33677,d7700338b-dirty,pass3-R
A-handle,UV_PEEK,17,33259,d7700338b-dirty,pass3-R
A-handle,UV_PEEK,18,32984,d7700338b-dirty,pass3-R
A-handle,UV_PEEK,19,32963,d7700338b-dirty,pass3-R
A-handle,UV_PEEK,20,33358,d7700338b-dirty,pass3-R
A-handle,UV_PEEK,21,33453,d7700338b-dirty,pass3-R
A-slot,UV_PEEK,15,10666,d7700338b-dirty,pass3-R
A-slot,UV_PEEK,16,10735,d7700338b-dirty,pass3-R
A-slot,UV_PEEK,17,10345,d7700338b-dirty,pass3-R
A-slot,UV_PEEK,18,10336,d7700338b-dirty,pass3-R
A-slot,UV_PEEK,19,10343,d7700338b-dirty,pass3-R
A-slot,UV_PEEK,20,10135,d7700338b-dirty,pass3-R
A-slot,UV_PEEK,21,10119,d7700338b-dirty,pass3-R
C-flatbuffers,NUM_SORT,15,1244456,d7700338b-dirty,pass3-R
C-flatbuffers,NUM_SORT,16,1248770,d7700338b-dirty,pass3-R
C-flatbuffers,NUM_SORT,17,1271948,d7700338b-dirty,pass3-R
C-flatbuffers,NUM_SORT,18,1257310,d7700338b-dirty,pass3-R
C-flatbuffers,NUM_SORT,19,1271382,d7700338b-dirty,pass3-R
C-flatbuffers,NUM_SORT,20,1277315,d7700338b-dirty,pass3-R
C-flatbuffers,NUM_SORT,21,1264893,d7700338b-dirty,pass3-R
B-cmpdisk,NUM_SORT,15,728422,d7700338b-dirty,pass3-R
B-cmpdisk,NUM_SORT,16,680276,d7700338b-dirty,pass3-R
B-cmpdisk,NUM_SORT,17,722276,d7700338b-dirty,pass3-R
B-cmpdisk,NUM_SORT,18,676468,d7700338b-dirty,pass3-R
B-cmpdisk,NUM_SORT,19,696886,d7700338b-dirty,pass3-R
B-cmpdisk,NUM_SORT,20,706589,d7700338b-dirty,pass3-R
B-cmpdisk,NUM_SORT,21,686615,d7700338b-dirty,pass3-R
A-handle,NUM_SORT,15,150213,d7700338b-dirty,pass3-R
A-handle,NUM_SORT,16,145760,d7700338b-dirty,pass3-R
A-handle,NUM_SORT,17,150812,d7700338b-dirty,pass3-R
A-handle,NUM_SORT,18,150708,d7700338b-dirty,pass3-R
A-handle,NUM_SORT,19,153492,d7700338b-dirty,pass3-R
A-handle,NUM_SORT,20,148235,d7700338b-dirty,pass3-R
A-handle,NUM_SORT,21,149076,d7700338b-dirty,pass3-R
A-slot,NUM_SORT,15,114906,d7700338b-dirty,pass3-R
A-slot,NUM_SORT,16,110384,d7700338b-dirty,pass3-R
A-slot,NUM_SORT,17,111027,d7700338b-dirty,pass3-R
A-slot,NUM_SORT,18,115401,d7700338b-dirty,pass3-R
A-slot,NUM_SORT,19,114229,d7700338b-dirty,pass3-R
A-slot,NUM_SORT,20,117331,d7700338b-dirty,pass3-R
A-slot,NUM_SORT,21,113005,d7700338b-dirty,pass3-R
C-flatbuffers,NUM_AGG_INPUT,15,54320,d7700338b-dirty,pass3-R
C-flatbuffers,NUM_AGG_INPUT,16,53484,d7700338b-dirty,pass3-R
C-flatbuffers,NUM_AGG_INPUT,17,54004,d7700338b-dirty,pass3-R
C-flatbuffers,NUM_AGG_INPUT,18,54387,d7700338b-dirty,pass3-R
C-flatbuffers,NUM_AGG_INPUT,19,53782,d7700338b-dirty,pass3-R
C-flatbuffers,NUM_AGG_INPUT,20,55145,d7700338b-dirty,pass3-R
C-flatbuffers,NUM_AGG_INPUT,21,55136,d7700338b-dirty,pass3-R
B-cmpdisk,NUM_AGG_INPUT,15,42733,d7700338b-dirty,pass3-R
B-cmpdisk,NUM_AGG_INPUT,16,42692,d7700338b-dirty,pass3-R
B-cmpdisk,NUM_AGG_INPUT,17,42966,d7700338b-dirty,pass3-R
B-cmpdisk,NUM_AGG_INPUT,18,43026,d7700338b-dirty,pass3-R
B-cmpdisk,NUM_AGG_INPUT,19,42100,d7700338b-dirty,pass3-R
B-cmpdisk,NUM_AGG_INPUT,20,42876,d7700338b-dirty,pass3-R
B-cmpdisk,NUM_AGG_INPUT,21,43873,d7700338b-dirty,pass3-R
A-handle,NUM_AGG_INPUT,15,28840,d7700338b-dirty,pass3-R
A-handle,NUM_AGG_INPUT,16,29047,d7700338b-dirty,pass3-R
A-handle,NUM_AGG_INPUT,17,29040,d7700338b-dirty,pass3-R
A-handle,NUM_AGG_INPUT,18,29038,d7700338b-dirty,pass3-R
A-handle,NUM_AGG_INPUT,19,28871,d7700338b-dirty,pass3-R
A-handle,NUM_AGG_INPUT,20,29249,d7700338b-dirty,pass3-R
A-handle,NUM_AGG_INPUT,21,29029,d7700338b-dirty,pass3-R
A-slot,NUM_AGG_INPUT,15,20355,d7700338b-dirty,pass3-R
A-slot,NUM_AGG_INPUT,16,20825,d7700338b-dirty,pass3-R
A-slot,NUM_AGG_INPUT,17,20753,d7700338b-dirty,pass3-R
A-slot,NUM_AGG_INPUT,18,20472,d7700338b-dirty,pass3-R
A-slot,NUM_AGG_INPUT,19,20499,d7700338b-dirty,pass3-R
A-slot,NUM_AGG_INPUT,20,20933,d7700338b-dirty,pass3-R
A-slot,NUM_AGG_INPUT,21,20568,d7700338b-dirty,pass3-R
B-cmpdisk,PEEK_VS_COPY,15,242974,d7700338b-dirty,pass3-R
B-cmpdisk,PEEK_VS_COPY,16,240007,d7700338b-dirty,pass3-R
B-cmpdisk,PEEK_VS_COPY,17,240965,d7700338b-dirty,pass3-R
B-cmpdisk,PEEK_VS_COPY,18,238581,d7700338b-dirty,pass3-R
B-cmpdisk,PEEK_VS_COPY,19,240693,d7700338b-dirty,pass3-R
B-cmpdisk,PEEK_VS_COPY,20,242955,d7700338b-dirty,pass3-R
B-cmpdisk,PEEK_VS_COPY,21,242808,d7700338b-dirty,pass3-R
A-handle,PEEK_VS_COPY,15,187513,d7700338b-dirty,pass3-R
A-handle,PEEK_VS_COPY,16,187316,d7700338b-dirty,pass3-R
A-handle,PEEK_VS_COPY,17,187960,d7700338b-dirty,pass3-R
A-handle,PEEK_VS_COPY,18,186302,d7700338b-dirty,pass3-R
A-handle,PEEK_VS_COPY,19,187191,d7700338b-dirty,pass3-R
A-handle,PEEK_VS_COPY,20,187486,d7700338b-dirty,pass3-R
A-handle,PEEK_VS_COPY,21,188979,d7700338b-dirty,pass3-R
A-slot,PEEK_VS_COPY,15,85470,d7700338b-dirty,pass3-R
A-slot,PEEK_VS_COPY,16,86592,d7700338b-dirty,pass3-R
A-slot,PEEK_VS_COPY,17,87289,d7700338b-dirty,pass3-R
A-slot,PEEK_VS_COPY,18,93465,d7700338b-dirty,pass3-R
A-slot,PEEK_VS_COPY,19,87212,d7700338b-dirty,pass3-R
A-slot,PEEK_VS_COPY,20,86488,d7700338b-dirty,pass3-R
A-slot,PEEK_VS_COPY,21,88523,d7700338b-dirty,pass3-R
B-cmpdisk,ABBREV_SUBCELL,15,4649450,d7700338b-dirty,pass3-R
B-cmpdisk,ABBREV_SUBCELL,16,4664732,d7700338b-dirty,pass3-R
B-cmpdisk,ABBREV_SUBCELL,17,4722848,d7700338b-dirty,pass3-R
B-cmpdisk,ABBREV_SUBCELL,18,4670232,d7700338b-dirty,pass3-R
B-cmpdisk,ABBREV_SUBCELL,19,4679184,d7700338b-dirty,pass3-R
B-cmpdisk,ABBREV_SUBCELL,20,4699441,d7700338b-dirty,pass3-R
B-cmpdisk,ABBREV_SUBCELL,21,4711235,d7700338b-dirty,pass3-R
A-handle,ABBREV_SUBCELL,15,198651,d7700338b-dirty,pass3-R
A-handle,ABBREV_SUBCELL,16,198492,d7700338b-dirty,pass3-R
A-handle,ABBREV_SUBCELL,17,198155,d7700338b-dirty,pass3-R
A-handle,ABBREV_SUBCELL,18,199471,d7700338b-dirty,pass3-R
A-handle,ABBREV_SUBCELL,19,201937,d7700338b-dirty,pass3-R
A-handle,ABBREV_SUBCELL,20,199299,d7700338b-dirty,pass3-R
A-handle,ABBREV_SUBCELL,21,199080,d7700338b-dirty,pass3-R
A-slot,ABBREV_SUBCELL,15,164907,d7700338b-dirty,pass3-R
A-slot,ABBREV_SUBCELL,16,160885,d7700338b-dirty,pass3-R
A-slot,ABBREV_SUBCELL,17,163794,d7700338b-dirty,pass3-R
A-slot,ABBREV_SUBCELL,18,160845,d7700338b-dirty,pass3-R
A-slot,ABBREV_SUBCELL,19,162412,d7700338b-dirty,pass3-R
A-slot,ABBREV_SUBCELL,20,161744,d7700338b-dirty,pass3-R
A-slot,ABBREV_SUBCELL,21,162199,d7700338b-dirty,pass3-R
A-slot,FL_FILTER,22,35894,d7700338b-dirty,pass4-F
A-slot,FL_FILTER,23,36072,d7700338b-dirty,pass4-F
A-slot,FL_FILTER,24,36201,d7700338b-dirty,pass4-F
A-slot,FL_FILTER,25,35592,d7700338b-dirty,pass4-F
A-slot,FL_FILTER,26,35759,d7700338b-dirty,pass4-F
A-slot,FL_FILTER,27,36282,d7700338b-dirty,pass4-F
A-slot,FL_FILTER,28,36389,d7700338b-dirty,pass4-F
A-handle,FL_FILTER,22,57159,d7700338b-dirty,pass4-F
A-handle,FL_FILTER,23,56953,d7700338b-dirty,pass4-F
A-handle,FL_FILTER,24,57014,d7700338b-dirty,pass4-F
A-handle,FL_FILTER,25,57132,d7700338b-dirty,pass4-F
A-handle,FL_FILTER,26,57577,d7700338b-dirty,pass4-F
A-handle,FL_FILTER,27,57211,d7700338b-dirty,pass4-F
A-handle,FL_FILTER,28,57412,d7700338b-dirty,pass4-F
B-cmpdisk,FL_FILTER,22,26561,d7700338b-dirty,pass4-F
B-cmpdisk,FL_FILTER,23,26790,d7700338b-dirty,pass4-F
B-cmpdisk,FL_FILTER,24,26995,d7700338b-dirty,pass4-F
B-cmpdisk,FL_FILTER,25,26797,d7700338b-dirty,pass4-F
B-cmpdisk,FL_FILTER,26,26903,d7700338b-dirty,pass4-F
B-cmpdisk,FL_FILTER,27,26790,d7700338b-dirty,pass4-F
B-cmpdisk,FL_FILTER,28,26947,d7700338b-dirty,pass4-F
C-flatbuffers,FL_FILTER,22,43723,d7700338b-dirty,pass4-F
C-flatbuffers,FL_FILTER,23,43321,d7700338b-dirty,pass4-F
C-flatbuffers,FL_FILTER,24,42581,d7700338b-dirty,pass4-F
C-flatbuffers,FL_FILTER,25,42987,d7700338b-dirty,pass4-F
C-flatbuffers,FL_FILTER,26,43503,d7700338b-dirty,pass4-F
C-flatbuffers,FL_FILTER,27,43805,d7700338b-dirty,pass4-F
C-flatbuffers,FL_FILTER,28,43658,d7700338b-dirty,pass4-F
A-slot,FL_SORT,22,224893,d7700338b-dirty,pass4-F
A-slot,FL_SORT,23,223840,d7700338b-dirty,pass4-F
A-slot,FL_SORT,24,223083,d7700338b-dirty,pass4-F
A-slot,FL_SORT,25,224493,d7700338b-dirty,pass4-F
A-slot,FL_SORT,26,225724,d7700338b-dirty,pass4-F
A-slot,FL_SORT,27,223048,d7700338b-dirty,pass4-F
A-slot,FL_SORT,28,233785,d7700338b-dirty,pass4-F
A-handle,FL_SORT,22,243536,d7700338b-dirty,pass4-F
A-handle,FL_SORT,23,247848,d7700338b-dirty,pass4-F
A-handle,FL_SORT,24,247756,d7700338b-dirty,pass4-F
A-handle,FL_SORT,25,250213,d7700338b-dirty,pass4-F
A-handle,FL_SORT,26,244839,d7700338b-dirty,pass4-F
A-handle,FL_SORT,27,249884,d7700338b-dirty,pass4-F
A-handle,FL_SORT,28,245113,d7700338b-dirty,pass4-F
B-cmpdisk,FL_SORT,22,639377,d7700338b-dirty,pass4-F
B-cmpdisk,FL_SORT,23,673897,d7700338b-dirty,pass4-F
B-cmpdisk,FL_SORT,24,735289,d7700338b-dirty,pass4-F
B-cmpdisk,FL_SORT,25,682045,d7700338b-dirty,pass4-F
B-cmpdisk,FL_SORT,26,683967,d7700338b-dirty,pass4-F
B-cmpdisk,FL_SORT,27,686950,d7700338b-dirty,pass4-F
B-cmpdisk,FL_SORT,28,656143,d7700338b-dirty,pass4-F
C-flatbuffers,FL_SORT,22,1698462,d7700338b-dirty,pass4-F
C-flatbuffers,FL_SORT,23,1688654,d7700338b-dirty,pass4-F
C-flatbuffers,FL_SORT,24,1718300,d7700338b-dirty,pass4-F
C-flatbuffers,FL_SORT,25,1735430,d7700338b-dirty,pass4-F
C-flatbuffers,FL_SORT,26,1713526,d7700338b-dirty,pass4-F
C-flatbuffers,FL_SORT,27,1699391,d7700338b-dirty,pass4-F
C-flatbuffers,FL_SORT,28,1702987,d7700338b-dirty,pass4-F
A-slot,CV_SORT,22,402251,d7700338b-dirty,pass4-F
A-slot,CV_SORT,23,391391,d7700338b-dirty,pass4-F
A-slot,CV_SORT,24,398274,d7700338b-dirty,pass4-F
A-slot,CV_SORT,25,399214,d7700338b-dirty,pass4-F
A-slot,CV_SORT,26,396604,d7700338b-dirty,pass4-F
A-slot,CV_SORT,27,395917,d7700338b-dirty,pass4-F
A-slot,CV_SORT,28,395324,d7700338b-dirty,pass4-F
A-handle,CV_SORT,22,547242,d7700338b-dirty,pass4-F
A-handle,CV_SORT,23,545516,d7700338b-dirty,pass4-F
A-handle,CV_SORT,24,549429,d7700338b-dirty,pass4-F
A-handle,CV_SORT,25,549904,d7700338b-dirty,pass4-F
A-handle,CV_SORT,26,546022,d7700338b-dirty,pass4-F
A-handle,CV_SORT,27,549036,d7700338b-dirty,pass4-F
A-handle,CV_SORT,28,606164,d7700338b-dirty,pass4-F
B-cmpdisk,CV_SORT,22,4734123,d7700338b-dirty,pass4-F
B-cmpdisk,CV_SORT,23,4770178,d7700338b-dirty,pass4-F
B-cmpdisk,CV_SORT,24,4722691,d7700338b-dirty,pass4-F
B-cmpdisk,CV_SORT,25,4728277,d7700338b-dirty,pass4-F
B-cmpdisk,CV_SORT,26,4690020,d7700338b-dirty,pass4-F
B-cmpdisk,CV_SORT,27,4760949,d7700338b-dirty,pass4-F
B-cmpdisk,CV_SORT,28,4689131,d7700338b-dirty,pass4-F
C-flatbuffers,CV_SORT,22,926141,d7700338b-dirty,pass4-F
C-flatbuffers,CV_SORT,23,923299,d7700338b-dirty,pass4-F
C-flatbuffers,CV_SORT,24,922121,d7700338b-dirty,pass4-F
C-flatbuffers,CV_SORT,25,922487,d7700338b-dirty,pass4-F
C-flatbuffers,CV_SORT,26,934249,d7700338b-dirty,pass4-F
C-flatbuffers,CV_SORT,27,925759,d7700338b-dirty,pass4-F
C-flatbuffers,CV_SORT,28,931541,d7700338b-dirty,pass4-F
A-slot,CV_MERGE,22,419159,d7700338b-dirty,pass4-F
A-slot,CV_MERGE,23,414352,d7700338b-dirty,pass4-F
A-slot,CV_MERGE,24,412847,d7700338b-dirty,pass4-F
A-slot,CV_MERGE,25,425995,d7700338b-dirty,pass4-F
A-slot,CV_MERGE,26,419976,d7700338b-dirty,pass4-F
A-slot,CV_MERGE,27,419593,d7700338b-dirty,pass4-F
A-slot,CV_MERGE,28,416603,d7700338b-dirty,pass4-F
A-handle,CV_MERGE,22,593908,d7700338b-dirty,pass4-F
A-handle,CV_MERGE,23,573038,d7700338b-dirty,pass4-F
A-handle,CV_MERGE,24,592764,d7700338b-dirty,pass4-F
A-handle,CV_MERGE,25,577626,d7700338b-dirty,pass4-F
A-handle,CV_MERGE,26,587331,d7700338b-dirty,pass4-F
A-handle,CV_MERGE,27,595071,d7700338b-dirty,pass4-F
A-handle,CV_MERGE,28,588510,d7700338b-dirty,pass4-F
B-cmpdisk,CV_MERGE,22,5185501,d7700338b-dirty,pass4-F
B-cmpdisk,CV_MERGE,23,5178821,d7700338b-dirty,pass4-F
B-cmpdisk,CV_MERGE,24,5112518,d7700338b-dirty,pass4-F
B-cmpdisk,CV_MERGE,25,5131992,d7700338b-dirty,pass4-F
B-cmpdisk,CV_MERGE,26,5021029,d7700338b-dirty,pass4-F
B-cmpdisk,CV_MERGE,27,5038962,d7700338b-dirty,pass4-F
B-cmpdisk,CV_MERGE,28,5052046,d7700338b-dirty,pass4-F
C-flatbuffers,CV_MERGE,22,881782,d7700338b-dirty,pass4-F
C-flatbuffers,CV_MERGE,23,875331,d7700338b-dirty,pass4-F
C-flatbuffers,CV_MERGE,24,867722,d7700338b-dirty,pass4-F
C-flatbuffers,CV_MERGE,25,875255,d7700338b-dirty,pass4-F
C-flatbuffers,CV_MERGE,26,878993,d7700338b-dirty,pass4-F
C-flatbuffers,CV_MERGE,27,866997,d7700338b-dirty,pass4-F
C-flatbuffers,CV_MERGE,28,881031,d7700338b-dirty,pass4-F
A-slot,UV_PEEK,22,11170,d7700338b-dirty,pass4-F
A-slot,UV_PEEK,23,10843,d7700338b-dirty,pass4-F
A-slot,UV_PEEK,24,10698,d7700338b-dirty,pass4-F
A-slot,UV_PEEK,25,10968,d7700338b-dirty,pass4-F
A-slot,UV_PEEK,26,10814,d7700338b-dirty,pass4-F
A-slot,UV_PEEK,27,10822,d7700338b-dirty,pass4-F
A-slot,UV_PEEK,28,10655,d7700338b-dirty,pass4-F
A-handle,UV_PEEK,22,33698,d7700338b-dirty,pass4-F
A-handle,UV_PEEK,23,34051,d7700338b-dirty,pass4-F
A-handle,UV_PEEK,24,33271,d7700338b-dirty,pass4-F
A-handle,UV_PEEK,25,33935,d7700338b-dirty,pass4-F
A-handle,UV_PEEK,26,33570,d7700338b-dirty,pass4-F
A-handle,UV_PEEK,27,33999,d7700338b-dirty,pass4-F
A-handle,UV_PEEK,28,33771,d7700338b-dirty,pass4-F
B-cmpdisk,UV_PEEK,22,14837,d7700338b-dirty,pass4-F
B-cmpdisk,UV_PEEK,23,14385,d7700338b-dirty,pass4-F
B-cmpdisk,UV_PEEK,24,14384,d7700338b-dirty,pass4-F
B-cmpdisk,UV_PEEK,25,14362,d7700338b-dirty,pass4-F
B-cmpdisk,UV_PEEK,26,14674,d7700338b-dirty,pass4-F
B-cmpdisk,UV_PEEK,27,14554,d7700338b-dirty,pass4-F
B-cmpdisk,UV_PEEK,28,14506,d7700338b-dirty,pass4-F
C-flatbuffers,UV_PEEK,22,34727,d7700338b-dirty,pass4-F
C-flatbuffers,UV_PEEK,23,34268,d7700338b-dirty,pass4-F
C-flatbuffers,UV_PEEK,24,34354,d7700338b-dirty,pass4-F
C-flatbuffers,UV_PEEK,25,34933,d7700338b-dirty,pass4-F
C-flatbuffers,UV_PEEK,26,34946,d7700338b-dirty,pass4-F
C-flatbuffers,UV_PEEK,27,34557,d7700338b-dirty,pass4-F
C-flatbuffers,UV_PEEK,28,34587,d7700338b-dirty,pass4-F
A-slot,NUM_SORT,22,118768,d7700338b-dirty,pass4-F
A-slot,NUM_SORT,23,119674,d7700338b-dirty,pass4-F
A-slot,NUM_SORT,24,116829,d7700338b-dirty,pass4-F
A-slot,NUM_SORT,25,125749,d7700338b-dirty,pass4-F
A-slot,NUM_SORT,26,125644,d7700338b-dirty,pass4-F
A-slot,NUM_SORT,27,126223,d7700338b-dirty,pass4-F
A-slot,NUM_SORT,28,127105,d7700338b-dirty,pass4-F
A-handle,NUM_SORT,22,161286,d7700338b-dirty,pass4-F
A-handle,NUM_SORT,23,160744,d7700338b-dirty,pass4-F
A-handle,NUM_SORT,24,161206,d7700338b-dirty,pass4-F
A-handle,NUM_SORT,25,153218,d7700338b-dirty,pass4-F
A-handle,NUM_SORT,26,156146,d7700338b-dirty,pass4-F
A-handle,NUM_SORT,27,154043,d7700338b-dirty,pass4-F
A-handle,NUM_SORT,28,155578,d7700338b-dirty,pass4-F
B-cmpdisk,NUM_SORT,22,712419,d7700338b-dirty,pass4-F
B-cmpdisk,NUM_SORT,23,694345,d7700338b-dirty,pass4-F
B-cmpdisk,NUM_SORT,24,715773,d7700338b-dirty,pass4-F
B-cmpdisk,NUM_SORT,25,687251,d7700338b-dirty,pass4-F
B-cmpdisk,NUM_SORT,26,641445,d7700338b-dirty,pass4-F
B-cmpdisk,NUM_SORT,27,602035,d7700338b-dirty,pass4-F
B-cmpdisk,NUM_SORT,28,630431,d7700338b-dirty,pass4-F
C-flatbuffers,NUM_SORT,22,1216010,d7700338b-dirty,pass4-F
C-flatbuffers,NUM_SORT,23,1187024,d7700338b-dirty,pass4-F
C-flatbuffers,NUM_SORT,24,1182268,d7700338b-dirty,pass4-F
C-flatbuffers,NUM_SORT,25,1195475,d7700338b-dirty,pass4-F
C-flatbuffers,NUM_SORT,26,1194633,d7700338b-dirty,pass4-F
C-flatbuffers,NUM_SORT,27,1206483,d7700338b-dirty,pass4-F
C-flatbuffers,NUM_SORT,28,1241600,d7700338b-dirty,pass4-F
A-slot,NUM_AGG_INPUT,22,21467,d7700338b-dirty,pass4-F
A-slot,NUM_AGG_INPUT,23,21481,d7700338b-dirty,pass4-F
A-slot,NUM_AGG_INPUT,24,21350,d7700338b-dirty,pass4-F
A-slot,NUM_AGG_INPUT,25,21794,d7700338b-dirty,pass4-F
A-slot,NUM_AGG_INPUT,26,22049,d7700338b-dirty,pass4-F
A-slot,NUM_AGG_INPUT,27,21852,d7700338b-dirty,pass4-F
A-slot,NUM_AGG_INPUT,28,22378,d7700338b-dirty,pass4-F
A-handle,NUM_AGG_INPUT,22,28737,d7700338b-dirty,pass4-F
A-handle,NUM_AGG_INPUT,23,29241,d7700338b-dirty,pass4-F
A-handle,NUM_AGG_INPUT,24,29137,d7700338b-dirty,pass4-F
A-handle,NUM_AGG_INPUT,25,28866,d7700338b-dirty,pass4-F
A-handle,NUM_AGG_INPUT,26,28367,d7700338b-dirty,pass4-F
A-handle,NUM_AGG_INPUT,27,28785,d7700338b-dirty,pass4-F
A-handle,NUM_AGG_INPUT,28,29502,d7700338b-dirty,pass4-F
B-cmpdisk,NUM_AGG_INPUT,22,43489,d7700338b-dirty,pass4-F
B-cmpdisk,NUM_AGG_INPUT,23,44304,d7700338b-dirty,pass4-F
B-cmpdisk,NUM_AGG_INPUT,24,44558,d7700338b-dirty,pass4-F
B-cmpdisk,NUM_AGG_INPUT,25,44473,d7700338b-dirty,pass4-F
B-cmpdisk,NUM_AGG_INPUT,26,44571,d7700338b-dirty,pass4-F
B-cmpdisk,NUM_AGG_INPUT,27,43798,d7700338b-dirty,pass4-F
B-cmpdisk,NUM_AGG_INPUT,28,43417,d7700338b-dirty,pass4-F
C-flatbuffers,NUM_AGG_INPUT,22,55055,d7700338b-dirty,pass4-F
C-flatbuffers,NUM_AGG_INPUT,23,56779,d7700338b-dirty,pass4-F
C-flatbuffers,NUM_AGG_INPUT,24,55923,d7700338b-dirty,pass4-F
C-flatbuffers,NUM_AGG_INPUT,25,55544,d7700338b-dirty,pass4-F
C-flatbuffers,NUM_AGG_INPUT,26,55706,d7700338b-dirty,pass4-F
C-flatbuffers,NUM_AGG_INPUT,27,55245,d7700338b-dirty,pass4-F
C-flatbuffers,NUM_AGG_INPUT,28,55626,d7700338b-dirty,pass4-F
A-slot,PEEK_VS_COPY,22,86999,d7700338b-dirty,pass4-F
A-slot,PEEK_VS_COPY,23,88246,d7700338b-dirty,pass4-F
A-slot,PEEK_VS_COPY,24,86640,d7700338b-dirty,pass4-F
A-slot,PEEK_VS_COPY,25,88386,d7700338b-dirty,pass4-F
A-slot,PEEK_VS_COPY,26,86594,d7700338b-dirty,pass4-F
A-slot,PEEK_VS_COPY,27,87377,d7700338b-dirty,pass4-F
A-slot,PEEK_VS_COPY,28,86598,d7700338b-dirty,pass4-F
A-handle,PEEK_VS_COPY,22,189208,d7700338b-dirty,pass4-F
A-handle,PEEK_VS_COPY,23,192755,d7700338b-dirty,pass4-F
A-handle,PEEK_VS_COPY,24,192293,d7700338b-dirty,pass4-F
A-handle,PEEK_VS_COPY,25,188854,d7700338b-dirty,pass4-F
A-handle,PEEK_VS_COPY,26,191450,d7700338b-dirty,pass4-F
A-handle,PEEK_VS_COPY,27,193910,d7700338b-dirty,pass4-F
A-handle,PEEK_VS_COPY,28,191202,d7700338b-dirty,pass4-F
B-cmpdisk,PEEK_VS_COPY,22,253121,d7700338b-dirty,pass4-F
B-cmpdisk,PEEK_VS_COPY,23,255003,d7700338b-dirty,pass4-F
B-cmpdisk,PEEK_VS_COPY,24,254418,d7700338b-dirty,pass4-F
B-cmpdisk,PEEK_VS_COPY,25,251525,d7700338b-dirty,pass4-F
B-cmpdisk,PEEK_VS_COPY,26,254482,d7700338b-dirty,pass4-F
B-cmpdisk,PEEK_VS_COPY,27,251770,d7700338b-dirty,pass4-F
B-cmpdisk,PEEK_VS_COPY,28,253714,d7700338b-dirty,pass4-F
A-slot,ABBREV_SUBCELL,22,158819,d7700338b-dirty,pass4-F
A-slot,ABBREV_SUBCELL,23,161826,d7700338b-dirty,pass4-F
A-slot,ABBREV_SUBCELL,24,162715,d7700338b-dirty,pass4-F
A-slot,ABBREV_SUBCELL,25,163206,d7700338b-dirty,pass4-F
A-slot,ABBREV_SUBCELL,26,162402,d7700338b-dirty,pass4-F
A-slot,ABBREV_SUBCELL,27,161912,d7700338b-dirty,pass4-F
A-slot,ABBREV_SUBCELL,28,160633,d7700338b-dirty,pass4-F
A-handle,ABBREV_SUBCELL,22,196968,d7700338b-dirty,pass4-F
A-handle,ABBREV_SUBCELL,23,201397,d7700338b-dirty,pass4-F
A-handle,ABBREV_SUBCELL,24,199429,d7700338b-dirty,pass4-F
A-handle,ABBREV_SUBCELL,25,202306,d7700338b-dirty,pass4-F
A-handle,ABBREV_SUBCELL,26,203048,d7700338b-dirty,pass4-F
A-handle,ABBREV_SUBCELL,27,198254,d7700338b-dirty,pass4-F
A-handle,ABBREV_SUBCELL,28,199895,d7700338b-dirty,pass4-F
B-cmpdisk,ABBREV_SUBCELL,22,4680380,d7700338b-dirty,pass4-F
B-cmpdisk,ABBREV_SUBCELL,23,4663325,d7700338b-dirty,pass4-F
B-cmpdisk,ABBREV_SUBCELL,24,4651296,d7700338b-dirty,pass4-F
B-cmpdisk,ABBREV_SUBCELL,25,4656266,d7700338b-dirty,pass4-F
B-cmpdisk,ABBREV_SUBCELL,26,4742819,d7700338b-dirty,pass4-F
B-cmpdisk,ABBREV_SUBCELL,27,4704433,d7700338b-dirty,pass4-F
B-cmpdisk,ABBREV_SUBCELL,28,4739272,d7700338b-dirty,pass4-F
